insert into emp Values (142519864,'Susan Martin',39,56990);
insert into emp Values (242518965,'James Smith',68,27099);
insert into emp Values (141582651,'Mari Johnson',44,94011);
insert into emp Values (011564812,'John Williams',35,74098);
insert into emp Values (254099823,'Patricia Jones',28,42783);
insert into emp Values (356187925,'Robert Brown',28,35431);
insert into emp Values (489456522,'Linda Davis',26,25971);
insert into emp Values (287321212,'Michael Miller',62,131072);
insert into emp Values (248965255,'Barbara Wilson',48,95021);
insert into emp Values (159542516,'Matt Nelson',33,48990);

insert into dept Values (1,'Hardware',1048572.12,141582651);
insert into dept Values (2,'Operations',4099101.00,287321212);
insert into dept Values (3,'Legal',222988.13,248965255);
insert into dept Values (4,'Marketing',538099.54,548977562);
insert into dept Values (5,'Software',400011.12,141582651);
insert into dept Values (6,'Production',12099101.00,578875478);
insert into dept Values (7,'Shipping',5.00,489456522);

insert into faculty Values (142519864,'I. TEACH',20);
insert into faculty Values (242518965,'James Smith',68);
insert into faculty Values (141582651,'Mari Johnson',20);
insert into faculty Values (011564812,'John Williams',68);
insert into faculty Values (254099823,'Patricia Jones',68);
insert into faculty Values (356187925,'Robert Brown',12);
insert into faculty Values (489456522,'Linda Davis',20);
insert into faculty Values (287321212,'Michael Miller',12);
insert into faculty Values (248965255,'Barbara Wilson',12);
insert into faculty Values (159542516,'William Moore',33);

insert into parts Values (1,'Left Handed Bacon Stretcher Cover','Red');
insert into parts Values (2,'Smoke Shifer End','black');
insert into parts Values (3,'Acme Widget Washer','red');
insert into parts Values (4,'Acme Widget Washer','silver');
insert into parts Values (5,'I Brake for crop circles sticker','translucent');
insert into parts Values (6,'Anti-Gravity Turbine Generator','Cyan');
insert into parts Values (7,'Anti-Gravity Turbine Generator','Magenta');
insert into parts Values (8,'Fire Hydrant cap','red');
insert into parts Values (9,'7 Segment Display','Green');



